Component ID,Temperature (°C),Pressure (kPa),Vibration,Operational Hours,Failure Prediction,Damage Type,Damage Explanation,Solution to Reduce
12345,94,240,16,1803,Possible failure detected,Cracks,Occurs due to thermal stress or mechanical overload.,Reinforce with stronger materials or redesign.
12346,64,211,6,1781,Possible failure detected,Cracks,Occurs due to thermal stress or mechanical overload.,Reinforce with stronger materials or redesign.
12347,87,225,4,2351,Possible failure detected,Nominal damages,Minor damages that don't affect functionality.,Routine inspection and minor repairs.
12348,127,205,18,2201,Possible failure detected,Corrosion,Occurs due to moisture and chemicals in the environment.,Apply anti-corrosion coatings and regular cleaning.
12349,100,188,6,1539,No failure predicted,No damage,No visible damage,Regular maintenance
12350,94,152,19,1962,Possible failure detected,Nominal damages,Minor damages that don't affect functionality.,Routine inspection and minor repairs.
12351,118,161,12,3237,Possible failure detected,Wear,Result of prolonged use and friction between parts.,Regular lubrication and part replacement.
12352,64,234,9,2571,Possible failure detected,Wear,Result of prolonged use and friction between parts.,Regular lubrication and part replacement.
12353,99,254,14,3429,Possible failure detected,Corrosion,Occurs due to moisture and chemicals in the environment.,Apply anti-corrosion coatings and regular cleaning.
12354,81,246,13,2714,Possible failure detected,Cracks,Occurs due to thermal stress or mechanical overload.,Reinforce with stronger materials or redesign.
12355,122,196,7,2431,Possible failure detected,Flaking,Occurs due to material fatigue.,Replace materials prone to fatigue and inspect joints.
12356,64,235,12,2225,Possible failure detected,Aggravated damages,Results from wear and tear over time.,Replace worn parts and inspect regularly.
12357,116,209,4,1567,Possible failure detected,Aggravated damages,Results from wear and tear over time.,Replace worn parts and inspect regularly.
12358,83,156,13,3031,Possible failure detected,Cracks,Occurs due to thermal stress or mechanical overload.,Reinforce with stronger materials or redesign.
12359,116,187,18,1850,Possible failure detected,Aggravated damages,Results from wear and tear over time.,Replace worn parts and inspect regularly.
12360,69,180,19,2051,Possible failure detected,Wear,Result of prolonged use and friction between parts.,Regular lubrication and part replacement.
12361,62,236,15,1616,Possible failure detected,Wear,Result of prolonged use and friction between parts.,Regular lubrication and part replacement.
12362,104,254,6,2741,Possible failure detected,Aggravated damages,Results from wear and tear over time.,Replace worn parts and inspect regularly.
12363,72,168,11,1928,Possible failure detected,Cracks,Occurs due to thermal stress or mechanical overload.,Reinforce with stronger materials or redesign.
12364,113,187,1,1731,Possible failure detected,Aggravated damages,Results from wear and tear over time.,Replace worn parts and inspect regularly.
12365,73,162,7,1572,No failure predicted,No damage,No visible damage,Regular maintenance
12366,68,203,2,1945,Possible failure detected,Cage damage,Occurs due to high mechanical stress on bearings.,Reduce mechanical stress and use higher quality bearings.
12367,82,165,3,2782,No failure predicted,No damage,No visible damage,Regular maintenance
12368,107,236,8,2270,Possible failure detected,Flaking,Occurs due to material fatigue.,Replace materials prone to fatigue and inspect joints.
12369,92,260,13,3420,Possible failure detected,Erosion,Gradual loss of material due to fluid flow.,Use corrosion-resistant materials and limit fluid flow.
12370,74,213,15,3132,Possible failure detected,Cage damage,Occurs due to high mechanical stress on bearings.,Reduce mechanical stress and use higher quality bearings.
12371,76,173,13,2123,Possible failure detected,Corrosion,Occurs due to moisture and chemicals in the environment.,Apply anti-corrosion coatings and regular cleaning.
12372,66,194,15,3224,Possible failure detected,Aggravated damages,Results from wear and tear over time.,Replace worn parts and inspect regularly.
12373,126,165,9,2272,Possible failure detected,Flaking,Occurs due to material fatigue.,Replace materials prone to fatigue and inspect joints.
12374,127,207,2,2309,Possible failure detected,Nominal damages,Minor damages that don't affect functionality.,Routine inspection and minor repairs.
12375,129,191,5,3482,Possible failure detected,Cage damage,Occurs due to high mechanical stress on bearings.,Reduce mechanical stress and use higher quality bearings.
12376,76,228,9,3055,Possible failure detected,Erosion,Gradual loss of material due to fluid flow.,Use corrosion-resistant materials and limit fluid flow.
12377,96,162,3,3104,No failure predicted,No damage,No visible damage,Regular maintenance
12378,108,247,18,2016,Possible failure detected,Cage damage,Occurs due to high mechanical stress on bearings.,Reduce mechanical stress and use higher quality bearings.
12379,112,162,14,2227,Possible failure detected,Corrosion,Occurs due to moisture and chemicals in the environment.,Apply anti-corrosion coatings and regular cleaning.
12380,86,179,9,1875,No failure predicted,No damage,No visible damage,Regular maintenance
12381,77,234,16,2753,Possible failure detected,Nominal damages,Minor damages that don't affect functionality.,Routine inspection and minor repairs.
12382,72,186,5,2393,No failure predicted,No damage,No visible damage,Regular maintenance
12383,81,191,20,2931,Possible failure detected,Cracks,Occurs due to thermal stress or mechanical overload.,Reinforce with stronger materials or redesign.
12384,108,189,10,2709,Possible failure detected,Erosion,Gradual loss of material due to fluid flow.,Use corrosion-resistant materials and limit fluid flow.
12385,85,224,15,2576,Possible failure detected,Cracks,Occurs due to thermal stress or mechanical overload.,Reinforce with stronger materials or redesign.
12386,70,213,15,2718,Possible failure detected,Cracks,Occurs due to thermal stress or mechanical overload.,Reinforce with stronger materials or redesign.
12387,90,219,9,2528,Possible failure detected,Erosion,Gradual loss of material due to fluid flow.,Use corrosion-resistant materials and limit fluid flow.
12388,94,185,12,2887,Possible failure detected,Cracks,Occurs due to thermal stress or mechanical overload.,Reinforce with stronger materials or redesign.
12389,76,222,11,2942,Possible failure detected,Aggravated damages,Results from wear and tear over time.,Replace worn parts and inspect regularly.
12390,81,225,13,2984,Possible failure detected,Erosion,Gradual loss of material due to fluid flow.,Use corrosion-resistant materials and limit fluid flow.
12391,118,203,3,1502,Possible failure detected,Erosion,Gradual loss of material due to fluid flow.,Use corrosion-resistant materials and limit fluid flow.
12392,129,191,19,2060,Possible failure detected,Cracks,Occurs due to thermal stress or mechanical overload.,Reinforce with stronger materials or redesign.
12393,75,240,11,1866,Possible failure detected,Erosion,Gradual loss of material due to fluid flow.,Use corrosion-resistant materials and limit fluid flow.
12394,94,244,17,2874,Possible failure detected,Flaking,Occurs due to material fatigue.,Replace materials prone to fatigue and inspect joints.
12395,91,259,5,3092,Possible failure detected,Cage damage,Occurs due to high mechanical stress on bearings.,Reduce mechanical stress and use higher quality bearings.
12396,128,204,9,3288,Possible failure detected,Nominal damages,Minor damages that don't affect functionality.,Routine inspection and minor repairs.
12397,129,153,18,3325,Possible failure detected,Wear,Result of prolonged use and friction between parts.,Regular lubrication and part replacement.
12398,120,170,11,3145,Possible failure detected,Corrosion,Occurs due to moisture and chemicals in the environment.,Apply anti-corrosion coatings and regular cleaning.
12399,121,242,15,1818,Possible failure detected,Wear,Result of prolonged use and friction between parts.,Regular lubrication and part replacement.
12400,80,189,18,2580,Possible failure detected,Cage damage,Occurs due to high mechanical stress on bearings.,Reduce mechanical stress and use higher quality bearings.
12401,76,260,18,3251,Possible failure detected,Corrosion,Occurs due to moisture and chemicals in the environment.,Apply anti-corrosion coatings and regular cleaning.
12402,113,258,11,1667,Possible failure detected,Erosion,Gradual loss of material due to fluid flow.,Use corrosion-resistant materials and limit fluid flow.
12403,72,221,7,2584,Possible failure detected,Corrosion,Occurs due to moisture and chemicals in the environment.,Apply anti-corrosion coatings and regular cleaning.
12404,108,211,9,2271,Possible failure detected,Nominal damages,Minor damages that don't affect functionality.,Routine inspection and minor repairs.
12405,115,192,11,2370,Possible failure detected,Cracks,Occurs due to thermal stress or mechanical overload.,Reinforce with stronger materials or redesign.
12406,69,223,10,2018,Possible failure detected,Erosion,Gradual loss of material due to fluid flow.,Use corrosion-resistant materials and limit fluid flow.
12407,83,241,4,3264,Possible failure detected,Erosion,Gradual loss of material due to fluid flow.,Use corrosion-resistant materials and limit fluid flow.
12408,69,246,7,3143,Possible failure detected,Flaking,Occurs due to material fatigue.,Replace materials prone to fatigue and inspect joints.
12409,69,223,11,2629,Possible failure detected,Aggravated damages,Results from wear and tear over time.,Replace worn parts and inspect regularly.
12410,74,201,13,3056,Possible failure detected,Corrosion,Occurs due to moisture and chemicals in the environment.,Apply anti-corrosion coatings and regular cleaning.
12411,73,154,17,2447,Possible failure detected,Corrosion,Occurs due to moisture and chemicals in the environment.,Apply anti-corrosion coatings and regular cleaning.
12412,97,186,3,3110,No failure predicted,No damage,No visible damage,Regular maintenance
12413,67,199,7,1502,No failure predicted,No damage,No visible damage,Regular maintenance
12414,121,226,4,2192,Possible failure detected,Nominal damages,Minor damages that don't affect functionality.,Routine inspection and minor repairs.
12415,101,162,13,3202,Possible failure detected,Erosion,Gradual loss of material due to fluid flow.,Use corrosion-resistant materials and limit fluid flow.
12416,86,190,2,2501,No failure predicted,No damage,No visible damage,Regular maintenance
12417,113,250,4,1642,Possible failure detected,Nominal damages,Minor damages that don't affect functionality.,Routine inspection and minor repairs.
12418,97,172,12,2124,Possible failure detected,Aggravated damages,Results from wear and tear over time.,Replace worn parts and inspect regularly.
12419,122,220,8,2717,Possible failure detected,Erosion,Gradual loss of material due to fluid flow.,Use corrosion-resistant materials and limit fluid flow.
12420,118,225,2,2484,Possible failure detected,Cracks,Occurs due to thermal stress or mechanical overload.,Reinforce with stronger materials or redesign.
12421,119,203,14,2592,Possible failure detected,Aggravated damages,Results from wear and tear over time.,Replace worn parts and inspect regularly.
12422,126,259,17,3448,Possible failure detected,Cracks,Occurs due to thermal stress or mechanical overload.,Reinforce with stronger materials or redesign.
12423,109,188,8,2298,Possible failure detected,Cage damage,Occurs due to high mechanical stress on bearings.,Reduce mechanical stress and use higher quality bearings.
12424,97,259,4,3330,Possible failure detected,Aggravated damages,Results from wear and tear over time.,Replace worn parts and inspect regularly.
12425,76,154,13,3245,Possible failure detected,Aggravated damages,Results from wear and tear over time.,Replace worn parts and inspect regularly.
12426,103,249,14,1510,Possible failure detected,Erosion,Gradual loss of material due to fluid flow.,Use corrosion-resistant materials and limit fluid flow.
12427,115,211,11,1594,Possible failure detected,Cage damage,Occurs due to high mechanical stress on bearings.,Reduce mechanical stress and use higher quality bearings.
12428,117,254,18,3413,Possible failure detected,Cage damage,Occurs due to high mechanical stress on bearings.,Reduce mechanical stress and use higher quality bearings.
12429,122,251,2,2642,Possible failure detected,Corrosion,Occurs due to moisture and chemicals in the environment.,Apply anti-corrosion coatings and regular cleaning.
12430,61,237,2,2178,Possible failure detected,Abrasion,Damage caused by friction or external forces.,Install wear-resistant coatings and regular checks.
12431,122,254,6,2219,Possible failure detected,Cracks,Occurs due to thermal stress or mechanical overload.,Reinforce with stronger materials or redesign.
12432,92,223,4,3236,Possible failure detected,Cracks,Occurs due to thermal stress or mechanical overload.,Reinforce with stronger materials or redesign.
12433,84,161,15,1566,Possible failure detected,Erosion,Gradual loss of material due to fluid flow.,Use corrosion-resistant materials and limit fluid flow.
12434,105,209,13,3168,Possible failure detected,Cracks,Occurs due to thermal stress or mechanical overload.,Reinforce with stronger materials or redesign.
12435,119,188,15,3014,Possible failure detected,Cage damage,Occurs due to high mechanical stress on bearings.,Reduce mechanical stress and use higher quality bearings.
12436,68,254,12,2250,Possible failure detected,Cracks,Occurs due to thermal stress or mechanical overload.,Reinforce with stronger materials or redesign.
12437,127,233,19,2958,Possible failure detected,Corrosion,Occurs due to moisture and chemicals in the environment.,Apply anti-corrosion coatings and regular cleaning.
12438,85,183,8,1555,No failure predicted,No damage,No visible damage,Regular maintenance
12439,60,179,9,2894,No failure predicted,No damage,No visible damage,Regular maintenance
12440,61,222,7,2678,Possible failure detected,Cracks,Occurs due to thermal stress or mechanical overload.,Reinforce with stronger materials or redesign.
12441,77,209,13,1713,Possible failure detected,Cracks,Occurs due to thermal stress or mechanical overload.,Reinforce with stronger materials or redesign.
12442,82,160,14,1710,Possible failure detected,Abrasion,Damage caused by friction or external forces.,Install wear-resistant coatings and regular checks.
12443,95,156,19,1938,Possible failure detected,Cage damage,Occurs due to high mechanical stress on bearings.,Reduce mechanical stress and use higher quality bearings.
12444,117,240,13,2719,Possible failure detected,Abrasion,Damage caused by friction or external forces.,Install wear-resistant coatings and regular checks.
12445,95,225,16,1663,Possible failure detected,Flaking,Occurs due to material fatigue.,Replace materials prone to fatigue and inspect joints.
12446,87,186,15,2268,Possible failure detected,Nominal damages,Minor damages that don't affect functionality.,Routine inspection and minor repairs.
12447,64,194,17,2324,Possible failure detected,Wear,Result of prolonged use and friction between parts.,Regular lubrication and part replacement.
12448,62,254,13,2117,Possible failure detected,Flaking,Occurs due to material fatigue.,Replace materials prone to fatigue and inspect joints.
12449,116,237,2,2522,Possible failure detected,Aggravated damages,Results from wear and tear over time.,Replace worn parts and inspect regularly.
12450,122,159,18,2298,Possible failure detected,Flaking,Occurs due to material fatigue.,Replace materials prone to fatigue and inspect joints.
12451,113,236,16,2357,Possible failure detected,Cracks,Occurs due to thermal stress or mechanical overload.,Reinforce with stronger materials or redesign.
12452,79,157,10,2796,No failure predicted,No damage,No visible damage,Regular maintenance
12453,128,228,7,2858,Possible failure detected,Flaking,Occurs due to material fatigue.,Replace materials prone to fatigue and inspect joints.
12454,88,157,7,2330,No failure predicted,No damage,No visible damage,Regular maintenance
12455,98,252,8,2316,Possible failure detected,Wear,Result of prolonged use and friction between parts.,Regular lubrication and part replacement.
12456,97,165,10,2122,No failure predicted,No damage,No visible damage,Regular maintenance
12457,66,216,14,3147,Possible failure detected,Corrosion,Occurs due to moisture and chemicals in the environment.,Apply anti-corrosion coatings and regular cleaning.
12458,129,156,9,2788,Possible failure detected,Aggravated damages,Results from wear and tear over time.,Replace worn parts and inspect regularly.
12459,124,163,19,1833,Possible failure detected,Abrasion,Damage caused by friction or external forces.,Install wear-resistant coatings and regular checks.
12460,110,196,20,2256,Possible failure detected,Erosion,Gradual loss of material due to fluid flow.,Use corrosion-resistant materials and limit fluid flow.
12461,122,179,11,2581,Possible failure detected,Aggravated damages,Results from wear and tear over time.,Replace worn parts and inspect regularly.
12462,121,187,13,2094,Possible failure detected,Cage damage,Occurs due to high mechanical stress on bearings.,Reduce mechanical stress and use higher quality bearings.
12463,91,170,18,2222,Possible failure detected,Nominal damages,Minor damages that don't affect functionality.,Routine inspection and minor repairs.
12464,101,238,18,3067,Possible failure detected,Aggravated damages,Results from wear and tear over time.,Replace worn parts and inspect regularly.
12465,99,150,13,2211,Possible failure detected,Corrosion,Occurs due to moisture and chemicals in the environment.,Apply anti-corrosion coatings and regular cleaning.
12466,119,246,3,1760,Possible failure detected,Flaking,Occurs due to material fatigue.,Replace materials prone to fatigue and inspect joints.
12467,87,226,5,2266,Possible failure detected,Nominal damages,Minor damages that don't affect functionality.,Routine inspection and minor repairs.
12468,95,255,20,2496,Possible failure detected,Corrosion,Occurs due to moisture and chemicals in the environment.,Apply anti-corrosion coatings and regular cleaning.
12469,125,231,16,3370,Possible failure detected,Corrosion,Occurs due to moisture and chemicals in the environment.,Apply anti-corrosion coatings and regular cleaning.
12470,68,218,12,3468,Possible failure detected,Wear,Result of prolonged use and friction between parts.,Regular lubrication and part replacement.
12471,92,197,14,2839,Possible failure detected,Nominal damages,Minor damages that don't affect functionality.,Routine inspection and minor repairs.
12472,124,215,11,2683,Possible failure detected,Cracks,Occurs due to thermal stress or mechanical overload.,Reinforce with stronger materials or redesign.
12473,86,213,17,1796,Possible failure detected,Abrasion,Damage caused by friction or external forces.,Install wear-resistant coatings and regular checks.
12474,75,155,17,2281,Possible failure detected,Nominal damages,Minor damages that don't affect functionality.,Routine inspection and minor repairs.
12475,112,167,3,2251,Possible failure detected,Wear,Result of prolonged use and friction between parts.,Regular lubrication and part replacement.
12476,127,231,2,1859,Possible failure detected,Cracks,Occurs due to thermal stress or mechanical overload.,Reinforce with stronger materials or redesign.
12477,100,245,14,2441,Possible failure detected,Aggravated damages,Results from wear and tear over time.,Replace worn parts and inspect regularly.
12478,108,240,12,1824,Possible failure detected,Nominal damages,Minor damages that don't affect functionality.,Routine inspection and minor repairs.
12479,60,243,11,3234,Possible failure detected,Cage damage,Occurs due to high mechanical stress on bearings.,Reduce mechanical stress and use higher quality bearings.
12480,68,210,10,2319,Possible failure detected,Aggravated damages,Results from wear and tear over time.,Replace worn parts and inspect regularly.
12481,123,187,20,2918,Possible failure detected,Cracks,Occurs due to thermal stress or mechanical overload.,Reinforce with stronger materials or redesign.
12482,65,178,6,1507,No failure predicted,No damage,No visible damage,Regular maintenance
12483,64,156,19,2935,Possible failure detected,Cracks,Occurs due to thermal stress or mechanical overload.,Reinforce with stronger materials or redesign.
12484,62,165,5,2481,No failure predicted,No damage,No visible damage,Regular maintenance
12485,86,244,7,1602,Possible failure detected,Aggravated damages,Results from wear and tear over time.,Replace worn parts and inspect regularly.
12486,64,186,16,3069,Possible failure detected,Cracks,Occurs due to thermal stress or mechanical overload.,Reinforce with stronger materials or redesign.
12487,75,230,8,2899,Possible failure detected,Abrasion,Damage caused by friction or external forces.,Install wear-resistant coatings and regular checks.
12488,71,173,18,2685,Possible failure detected,Corrosion,Occurs due to moisture and chemicals in the environment.,Apply anti-corrosion coatings and regular cleaning.
12489,104,184,9,2401,Possible failure detected,Cracks,Occurs due to thermal stress or mechanical overload.,Reinforce with stronger materials or redesign.
12490,127,171,19,2607,Possible failure detected,Cage damage,Occurs due to high mechanical stress on bearings.,Reduce mechanical stress and use higher quality bearings.
12491,86,207,13,2577,Possible failure detected,Nominal damages,Minor damages that don't affect functionality.,Routine inspection and minor repairs.
12492,92,187,2,2699,No failure predicted,No damage,No visible damage,Regular maintenance
12493,130,242,1,2360,Possible failure detected,Cracks,Occurs due to thermal stress or mechanical overload.,Reinforce with stronger materials or redesign.
12494,94,222,20,2155,Possible failure detected,Flaking,Occurs due to material fatigue.,Replace materials prone to fatigue and inspect joints.
12495,68,177,6,3075,No failure predicted,No damage,No visible damage,Regular maintenance
12496,82,253,3,1591,Possible failure detected,Erosion,Gradual loss of material due to fluid flow.,Use corrosion-resistant materials and limit fluid flow.
12497,70,254,8,2367,Possible failure detected,Flaking,Occurs due to material fatigue.,Replace materials prone to fatigue and inspect joints.
12498,90,171,11,3494,Possible failure detected,Abrasion,Damage caused by friction or external forces.,Install wear-resistant coatings and regular checks.
12499,100,204,16,2111,Possible failure detected,Corrosion,Occurs due to moisture and chemicals in the environment.,Apply anti-corrosion coatings and regular cleaning.
12500,105,190,3,2542,Possible failure detected,Cracks,Occurs due to thermal stress or mechanical overload.,Reinforce with stronger materials or redesign.
12501,126,180,19,2452,Possible failure detected,Erosion,Gradual loss of material due to fluid flow.,Use corrosion-resistant materials and limit fluid flow.
12502,79,252,19,2725,Possible failure detected,Cage damage,Occurs due to high mechanical stress on bearings.,Reduce mechanical stress and use higher quality bearings.
12503,117,209,3,3447,Possible failure detected,Cracks,Occurs due to thermal stress or mechanical overload.,Reinforce with stronger materials or redesign.
12504,89,175,9,1915,No failure predicted,No damage,No visible damage,Regular maintenance
12505,85,196,2,2003,No failure predicted,No damage,No visible damage,Regular maintenance
12506,129,199,7,2032,Possible failure detected,Corrosion,Occurs due to moisture and chemicals in the environment.,Apply anti-corrosion coatings and regular cleaning.
12507,61,192,5,1507,No failure predicted,No damage,No visible damage,Regular maintenance
12508,69,209,14,3462,Possible failure detected,Corrosion,Occurs due to moisture and chemicals in the environment.,Apply anti-corrosion coatings and regular cleaning.
12509,98,161,16,2212,Possible failure detected,Flaking,Occurs due to material fatigue.,Replace materials prone to fatigue and inspect joints.
12510,122,252,20,2202,Possible failure detected,Nominal damages,Minor damages that don't affect functionality.,Routine inspection and minor repairs.
12511,127,250,14,3248,Possible failure detected,Abrasion,Damage caused by friction or external forces.,Install wear-resistant coatings and regular checks.
12512,115,165,2,2376,Possible failure detected,Cracks,Occurs due to thermal stress or mechanical overload.,Reinforce with stronger materials or redesign.
12513,66,190,12,3080,Possible failure detected,Nominal damages,Minor damages that don't affect functionality.,Routine inspection and minor repairs.
12514,98,243,2,1824,Possible failure detected,Wear,Result of prolonged use and friction between parts.,Regular lubrication and part replacement.
12515,90,256,4,1879,Possible failure detected,Nominal damages,Minor damages that don't affect functionality.,Routine inspection and minor repairs.
12516,81,161,8,1695,No failure predicted,No damage,No visible damage,Regular maintenance
12517,89,179,11,2411,Possible failure detected,Wear,Result of prolonged use and friction between parts.,Regular lubrication and part replacement.
12518,80,255,10,1929,Possible failure detected,Corrosion,Occurs due to moisture and chemicals in the environment.,Apply anti-corrosion coatings and regular cleaning.
12519,98,195,20,2537,Possible failure detected,Wear,Result of prolonged use and friction between parts.,Regular lubrication and part replacement.
12520,79,203,15,2099,Possible failure detected,Abrasion,Damage caused by friction or external forces.,Install wear-resistant coatings and regular checks.
12521,115,207,16,1530,Possible failure detected,Abrasion,Damage caused by friction or external forces.,Install wear-resistant coatings and regular checks.
12522,65,258,1,2509,Possible failure detected,Aggravated damages,Results from wear and tear over time.,Replace worn parts and inspect regularly.
12523,99,241,2,2070,Possible failure detected,Corrosion,Occurs due to moisture and chemicals in the environment.,Apply anti-corrosion coatings and regular cleaning.
12524,106,237,18,3448,Possible failure detected,Erosion,Gradual loss of material due to fluid flow.,Use corrosion-resistant materials and limit fluid flow.
